location_id,state,latitude,longitude,tiv_usd,construction_type,occupancy_type,year_built,wind_vuln_index,dist_to_coast_km,flood_zone
LOC0001,LA,30.5945,-91.3195,1045848.0,Masonry,Residential,2017,2.54,54.3,AH
LOC0002,FL,29.2172,-82.8994,308192.0,Wood Frame,Industrial,2014,3.35,73.3,A
LOC0003,AL,30.9412,-86.0683,124181.0,Manufactured,Commercial,2012,2.64,62.8,AE
LOC0004,LA,29.3202,-93.7181,1444246.0,Steel Frame,Commercial,2023,2.32,87.0,X
LOC0005,TX,29.4604,-93.7209,341106.0,Wood Frame,Residential,2020,2.23,67.5,AE
LOC0006,TX,29.0227,-95.0275,804744.0,Wood Frame,Residential,1999,2.66,76.3,X
LOC0007,TX,28.3407,-94.0913,2542347.0,Steel Frame,Residential,1959,3.12,42.4,X
LOC0008,FL,28.532,-82.2194,1991249.0,Wood Frame,Residential,1951,4.63,95.3,X
LOC0009,MS,30.9806,-88.8438,394145.0,Wood Frame,Commercial,1979,3.06,42.7,X
LOC0010,AL,32.3738,-88.0588,868075.0,Manufactured,Residential,1969,3.51,42.4,AH
LOC0011,TX,28.2168,-96.185,172202.0,Wood Frame,Residential,1959,3.47,69.4,A
LOC0012,FL,28.6657,-86.1359,835460.0,Wood Frame,Commercial,1985,3.94,72.0,A
LOC0013,FL,25.7499,-87.1935,319910.0,Wood Frame,Residential,1958,4.49,51.1,AE
LOC0014,TX,27.6392,-95.4863,259290.0,Masonry,Residential,2009,2.2,86.3,A
LOC0015,TX,29.9311,-93.8165,446921.0,Steel Frame,Commercial,1963,3.04,48.6,AE
LOC0016,TX,28.1804,-95.027,409718.0,Wood Frame,Residential,2005,2.54,52.1,AE
LOC0017,TX,29.2101,-93.9192,5000000.0,Wood Frame,Residential,1989,2.86,51.3,AE
LOC0018,LA,29.6319,-93.8996,1197396.0,Wood Frame,Residential,1974,3.66,45.0,X
LOC0019,LA,30.2808,-90.6045,485834.0,Wood Frame,Residential,1993,3.28,43.3,AE
LOC0020,TX,26.5741,-96.3649,1597508.0,Wood Frame,Residential,1992,2.8,81.5,AH
LOC0021,MS,31.5144,-89.1442,290537.0,Wood Frame,Residential,1962,3.41,53.4,A
LOC0022,TX,28.3603,-95.8584,331141.0,Manufactured,Residential,1979,3.31,107.1,X
LOC0023,TX,29.6768,-96.4684,729952.0,Manufactured,Residential,1992,3.05,78.7,X
LOC0024,LA,29.0611,-92.3816,223676.0,Wood Frame,Residential,1967,3.81,29.6,X
LOC0025,LA,29.3659,-91.0938,463766.0,Wood Frame,Residential,1974,3.66,17.7,A
LOC0026,AL,32.4749,-87.5329,185570.0,Steel Frame,Residential,2000,2.29,62.7,X
LOC0027,TX,28.1221,-95.8526,775806.0,Steel Frame,Mixed Use,1959,3.12,95.1,AH
LOC0028,LA,29.0437,-93.6675,415635.0,Masonry,Residential,2012,2.64,43.7,X
LOC0029,LA,29.1049,-93.1817,670354.0,Masonry,Residential,1976,3.37,75.7,AE
LOC0030,TX,29.6747,-95.7435,349134.0,Wood Frame,Residential,1972,3.2,94.8,X
LOC0031,MS,30.5805,-88.1506,949342.0,Manufactured,Residential,1958,3.74,65.5,X
LOC0032,TX,27.5071,-96.9429,100000.0,Masonry,Residential,1989,2.61,114.1,X
LOC0033,TX,26.6825,-96.2531,950049.0,Wood Frame,Residential,2006,2.51,106.4,AE
LOC0034,FL,29.8382,-86.6703,246504.0,Steel Frame,Residential,1979,3.71,73.2,A
LOC0035,FL,25.9901,-82.0831,980369.0,Masonry,Residential,1968,4.04,96.5,A
LOC0036,FL,30.4049,-83.1246,1446287.0,Wood Frame,Residential,2020,3.23,76.4,X
LOC0037,TX,28.2765,-95.0542,533661.0,Masonry,Industrial,2002,2.35,58.2,X
LOC0038,TX,28.7302,-95.8035,873806.0,Masonry,Industrial,2018,2.02,80.6,A
LOC0039,MS,32.4621,-88.2417,511233.0,Masonry,Residential,1954,3.32,34.3,X
LOC0040,LA,28.5139,-92.3325,1173326.0,Wood Frame,Residential,2018,2.77,40.6,AE
LOC0041,TX,29.3188,-95.6911,397252.0,Wood Frame,Residential,1986,2.92,77.9,AH
LOC0042,LA,29.5872,-91.0971,146897.0,Masonry,Residential,1999,2.91,19.9,AH
LOC0043,TX,26.669,-95.8415,3831197.0,Wood Frame,Commercial,1965,3.35,103.3,AE
LOC0044,FL,25.7395,-87.2259,512663.0,Wood Frame,Residential,1954,4.57,66.5,AE
LOC0045,TX,28.3598,-95.7369,1324927.0,Wood Frame,Residential,2013,2.37,104.7,AE
LOC0046,MS,30.6769,-88.534,100000.0,Wood Frame,Residential,1961,3.43,50.5,X
LOC0047,TX,26.1219,-96.6121,870948.0,Wood Frame,Residential,2009,2.45,75.0,X
LOC0048,LA,29.2145,-93.5028,198146.0,Wood Frame,Commercial,2013,2.87,76.5,AE
LOC0049,LA,30.5043,-92.9751,785818.0,Wood Frame,Residential,1965,3.85,31.1,A
LOC0050,TX,28.6237,-95.8143,381690.0,Steel Frame,Commercial,1975,2.79,71.1,AE
LOC0051,FL,28.3369,-85.4895,175546.0,Masonry,Residential,1971,3.97,92.5,X
LOC0052,AL,30.3503,-85.8946,1990378.0,Wood Frame,Commercial,2009,2.45,62.3,A
LOC0053,FL,26.2464,-83.4377,166284.0,Wood Frame,Commercial,2022,3.19,91.9,A
LOC0054,FL,26.27,-87.3621,886123.0,Manufactured,Residential,1992,4.05,40.1,X
LOC0055,LA,30.4543,-89.8513,600083.0,Masonry,Residential,1962,3.66,47.2,AE
LOC0056,FL,26.9904,-83.6081,1073197.0,Wood Frame,Residential,2004,3.56,68.1,X
LOC0057,TX,27.1041,-95.9428,233611.0,Masonry,Residential,1991,2.57,83.2,X
LOC0058,TX,30.2157,-94.5697,165819.0,Wood Frame,Residential,1969,3.26,75.5,A
LOC0059,TX,28.2336,-95.1126,1226185.0,Wood Frame,Residential,2003,2.58,75.9,X
LOC0060,TX,27.9567,-96.5144,278580.0,Steel Frame,Commercial,2001,2.27,78.8,X
LOC0061,LA,29.5829,-93.5421,460677.0,Wood Frame,Residential,2014,2.85,72.0,X
LOC0062,TX,28.9645,-94.7309,803344.0,Steel Frame,Residential,1986,2.57,58.4,AH
LOC0063,FL,30.6364,-87.2043,689481.0,Wood Frame,Residential,2017,3.29,29.7,X
LOC0064,LA,29.392,-89.378,577319.0,Manufactured,Industrial,1985,3.69,49.3,X
LOC0065,TX,27.436,-94.1843,528024.0,Wood Frame,Residential,1955,3.55,76.7,AE
LOC0066,LA,30.6743,-93.6732,337790.0,Wood Frame,Residential,2008,2.97,52.7,X
LOC0067,TX,29.9869,-95.0365,522211.0,Manufactured,Commercial,2023,2.42,67.9,X
LOC0068,FL,27.1126,-83.9009,1146683.0,Masonry,Commercial,2022,2.94,99.4,AE
LOC0069,TX,27.8961,-94.5497,349357.0,Wood Frame,Residential,1971,3.22,57.2,A
LOC0070,FL,24.6162,-80.0921,390262.0,Wood Frame,Residential,2000,3.64,110.0,AH
LOC0071,AL,31.9659,-88.2318,1074599.0,Manufactured,Residential,1995,2.99,26.0,AH
LOC0072,TX,27.0425,-93.7291,412012.0,Masonry,Residential,1987,2.65,48.8,A
LOC0073,TX,26.9922,-96.7542,293634.0,Wood Frame,Mixed Use,2015,2.33,113.9,AH
LOC0074,FL,25.6303,-84.5282,1265798.0,Masonry,Residential,1961,4.18,95.5,AE
LOC0075,AL,30.5595,-86.8891,1686227.0,Wood Frame,Commercial,1969,3.26,37.6,X
LOC0076,AL,32.3891,-85.9136,2056883.0,Steel Frame,Residential,1990,2.49,45.2,AE
LOC0077,AL,30.9317,-87.7207,476155.0,Wood Frame,Residential,2000,2.64,26.6,X
LOC0078,TX,28.2282,-95.5777,2054712.0,Masonry,Commercial,1975,2.89,89.7,X
LOC0079,LA,29.3011,-89.6069,784282.0,Steel Frame,Commercial,2002,2.75,45.8,X
LOC0080,TX,29.0606,-95.0256,1187028.0,Masonry,Residential,2015,2.08,93.8,A
LOC0081,FL,29.8678,-86.5335,1283636.0,Wood Frame,Commercial,2011,3.41,60.0,A
LOC0082,MS,30.7176,-88.5746,254346.0,Manufactured,Residential,1969,3.51,46.0,X
LOC0083,TX,29.5093,-97.0721,596901.0,Manufactured,Residential,1996,2.97,117.3,A
LOC0084,TX,30.2175,-94.7485,1727114.0,Wood Frame,Residential,2002,2.6,50.9,X
LOC0085,TX,27.5565,-95.0163,312657.0,Masonry,Residential,1951,3.38,66.3,AE
LOC0086,TX,29.4668,-94.7668,661172.0,Wood Frame,Residential,2023,2.17,69.0,AE
LOC0087,AL,30.4091,-86.1156,215996.0,Wood Frame,Residential,1998,2.68,52.5,AH
LOC0088,MS,30.3776,-88.8515,861720.0,Manufactured,Residential,1997,2.95,31.4,AE
LOC0089,FL,30.8959,-84.43,403129.0,Wood Frame,Residential,1998,3.68,74.1,X
LOC0090,LA,29.9196,-89.159,647999.0,Wood Frame,Commercial,2007,2.99,47.0,X
LOC0091,TX,29.4246,-94.9951,572185.0,Masonry,Residential,1958,3.24,56.2,X
LOC0092,AL,31.0758,-87.8984,862166.0,Wood Frame,Residential,1993,2.78,34.5,X
LOC0093,AL,30.7759,-87.1343,340495.0,Masonry,Residential,2001,2.37,71.7,X
LOC0094,LA,28.6189,-91.5975,100000.0,Wood Frame,Residential,2023,2.67,23.1,AE
LOC0095,AL,31.5454,-86.3926,409720.0,Wood Frame,Residential,1956,3.53,53.6,A
LOC0096,LA,28.7357,-92.0154,499573.0,Wood Frame,Residential,2001,3.12,60.2,AE
LOC0097,LA,29.0024,-93.4772,1497765.0,Wood Frame,Industrial,1953,4.09,61.8,X
LOC0098,LA,31.1129,-90.4296,1024491.0,Steel Frame,Residential,2010,2.58,8.3,X
LOC0099,TX,28.4642,-94.2308,2572037.0,Wood Frame,Commercial,1956,3.53,45.3,AE
LOC0100,TX,26.718,-94.0129,281715.0,Wood Frame,Mixed Use,1974,3.16,49.2,X
LOC0101,TX,28.9642,-95.5072,1947456.0,Wood Frame,Mixed Use,2022,2.19,87.6,A
LOC0102,MS,31.7006,-89.3917,693190.0,Wood Frame,Residential,1984,2.96,49.5,X
LOC0103,TX,29.3422,-95.798,183393.0,Manufactured,Residential,2014,2.6,86.9,AE
LOC0104,LA,30.6758,-91.5667,151524.0,Steel Frame,Industrial,1981,3.17,29.5,X
LOC0105,FL,30.4304,-85.92,1593164.0,Masonry,Residential,2002,3.35,86.3,A
LOC0106,TX,27.0689,-93.6144,1474859.0,Wood Frame,Commercial,1986,2.92,48.5,X
LOC0107,LA,29.8359,-91.4259,1225688.0,Wood Frame,Residential,2021,2.71,27.2,X
LOC0108,AL,30.813,-86.1796,121568.0,Wood Frame,Mixed Use,1983,2.98,50.0,A
LOC0109,TX,26.7639,-95.4209,1084916.0,Wood Frame,Residential,1995,2.74,89.5,A
LOC0110,TX,26.7543,-97.3533,329389.0,Masonry,Residential,1985,2.69,115.7,X
LOC0111,TX,28.6341,-94.0269,397427.0,Wood Frame,Residential,1989,2.86,87.1,A
LOC0112,TX,26.5495,-95.6912,417868.0,Manufactured,Residential,1987,3.15,59.0,A
LOC0113,FL,30.9131,-80.2616,1017707.0,Wood Frame,Residential,1986,3.92,130.7,A
LOC0114,FL,24.6948,-85.1905,645119.0,Masonry,Residential,1999,3.41,96.6,A
LOC0115,MS,31.6815,-88.8344,419767.0,Masonry,Commercial,2019,2.0,45.8,AE
LOC0116,FL,28.516,-80.9832,581837.0,Masonry,Residential,2018,3.02,124.6,X
LOC0117,FL,25.9019,-82.5584,1806217.0,Wood Frame,Residential,2023,3.17,76.8,AH
LOC0118,TX,27.8311,-94.017,195423.0,Masonry,Residential,2004,2.31,84.1,AE
LOC0119,FL,26.6257,-82.493,788526.0,Masonry,Residential,2010,3.18,81.1,X
LOC0120,LA,28.5173,-92.3771,856781.0,Wood Frame,Residential,2001,3.12,43.2,AE
LOC0121,FL,26.044,-84.7006,1818663.0,Masonry,Residential,1978,3.83,96.2,X
LOC0122,FL,27.6147,-87.3077,1096741.0,Wood Frame,Residential,1979,4.06,55.9,X
LOC0123,TX,28.7356,-94.4405,786858.0,Manufactured,Residential,1964,3.62,44.8,X
LOC0124,TX,30.0411,-96.5261,967753.0,Manufactured,Residential,2019,2.5,82.8,A
LOC0125,TX,28.1864,-96.4729,221710.0,Steel Frame,Residential,1973,2.83,95.2,X
LOC0126,LA,29.3179,-91.9323,202223.0,Wood Frame,Residential,2000,3.14,28.4,X
LOC0127,FL,29.1088,-86.6984,136708.0,Manufactured,Residential,2009,3.7,60.5,A
LOC0128,FL,28.6155,-80.3645,695495.0,Masonry,Commercial,2015,3.08,107.8,AE
LOC0129,TX,28.7494,-95.8559,180757.0,Masonry,Residential,2010,2.18,79.7,X
LOC0130,LA,28.7866,-90.8807,280878.0,Wood Frame,Residential,1962,3.91,45.7,X
LOC0131,LA,29.1502,-93.5214,506383.0,Masonry,Residential,1967,3.56,54.8,X
LOC0132,TX,28.2355,-93.5489,434694.0,Wood Frame,Residential,1979,3.06,56.9,X
LOC0133,TX,29.116,-93.535,770802.0,Wood Frame,Residential,1956,3.53,80.1,A
LOC0134,TX,27.4552,-96.5934,1798956.0,Wood Frame,Residential,1988,2.88,69.3,X
LOC0135,FL,26.0191,-83.4499,637114.0,Wood Frame,Residential,1974,4.16,99.0,AH
LOC0136,TX,28.9783,-95.2689,952479.0,Masonry,Residential,1954,3.32,80.8,AH
LOC0137,LA,29.0259,-90.55,559886.0,Wood Frame,Residential,2005,3.04,22.9,X
LOC0138,AL,31.9886,-85.7185,157791.0,Wood Frame,Residential,1961,3.43,92.4,AH
LOC0139,LA,30.1199,-89.7898,3126622.0,Wood Frame,Commercial,1959,3.97,43.4,X
LOC0140,FL,29.1068,-87.2288,669746.0,Wood Frame,Residential,1976,4.12,32.1,AH
LOC0141,FL,28.0997,-85.2086,202259.0,Masonry,Residential,2018,3.02,72.8,AH
LOC0142,TX,29.8314,-96.666,100000.0,Manufactured,Residential,2010,2.68,85.7,X
LOC0143,LA,31.1042,-89.9704,286510.0,Wood Frame,Residential,1962,3.91,35.0,AE
LOC0144,TX,30.3902,-94.9361,1081256.0,Steel Frame,Residential,2013,2.02,95.5,AE
LOC0145,TX,28.7281,-94.4408,493009.0,Wood Frame,Residential,1977,3.1,47.8,A
LOC0146,TX,26.6082,-93.6475,171190.0,Wood Frame,Mixed Use,1982,3.0,52.1,X
LOC0147,MS,31.0988,-89.3415,185766.0,Masonry,Residential,1961,3.18,9.7,X
LOC0148,LA,29.8794,-93.7092,790122.0,Manufactured,Residential,2001,3.37,86.3,AE
LOC0149,TX,26.6401,-97.0145,299323.0,Masonry,Residential,1987,2.65,120.0,X
LOC0150,TX,28.7685,-96.275,383857.0,Masonry,Residential,1981,2.77,69.3,X
LOC0151,FL,27.4236,-86.0403,191743.0,Steel Frame,Commercial,2006,3.16,40.1,AE
LOC0152,TX,28.166,-97.4232,115661.0,Wood Frame,Commercial,1960,3.45,101.0,AE
LOC0153,TX,26.0545,-96.5352,482990.0,Wood Frame,Residential,1983,2.98,107.6,A
LOC0154,LA,29.9647,-93.2498,777185.0,Wood Frame,Commercial,1985,3.44,51.3,AE
LOC0155,FL,27.4864,-81.6124,286285.0,Masonry,Residential,1968,4.04,125.9,A
LOC0156,TX,30.0579,-95.6541,1123460.0,Masonry,Residential,2016,2.06,88.4,X
LOC0157,MS,30.1666,-88.7224,706429.0,Wood Frame,Residential,1953,3.59,17.0,X
LOC0158,AL,30.1802,-88.2862,284312.0,Wood Frame,Mixed Use,2004,2.56,34.8,AE
LOC0159,TX,27.5737,-94.4014,211604.0,Wood Frame,Residential,1998,2.68,82.2,AE
LOC0160,AL,30.0524,-88.2535,751121.0,Manufactured,Residential,2006,2.76,48.7,AE
LOC0161,LA,29.1171,-93.3931,1414880.0,Masonry,Residential,1953,3.84,82.4,X
LOC0162,MS,30.7321,-88.03,762978.0,Masonry,Residential,2005,2.29,60.3,X
LOC0163,MS,30.3202,-88.9926,211960.0,Wood Frame,Residential,2019,2.25,22.1,A
LOC0164,LA,29.0924,-89.5654,101409.0,Masonry,Residential,2010,2.68,47.4,X
LOC0165,TX,30.1352,-96.491,400732.0,Steel Frame,Commercial,2007,2.14,97.7,A
LOC0166,FL,28.0427,-80.115,1768914.0,Manufactured,Residential,1962,4.66,105.4,X
LOC0167,TX,29.68,-96.646,1316683.0,Masonry,Residential,1993,2.53,91.9,AE
LOC0168,TX,28.5426,-94.7445,497334.0,Steel Frame,Residential,2006,2.16,55.4,AE
LOC0169,TX,26.042,-96.5133,413652.0,Steel Frame,Residential,1991,2.47,101.8,X
LOC0170,LA,29.0641,-92.2231,247603.0,Masonry,Residential,1950,3.9,60.3,A
LOC0171,MS,31.8643,-89.1963,443850.0,Wood Frame,Residential,1972,3.2,51.9,AH
LOC0172,TX,27.6574,-95.7056,683940.0,Masonry,Commercial,1993,2.53,76.6,AE
LOC0173,LA,30.5869,-93.9839,144275.0,Masonry,Residential,1993,3.03,63.9,X
LOC0174,TX,26.2918,-95.1801,1342531.0,Masonry,Residential,1994,2.51,85.6,X
LOC0175,MS,30.6746,-88.2624,254089.0,Wood Frame,Residential,2008,2.47,52.8,X
LOC0176,TX,28.3277,-95.7392,487624.0,Wood Frame,Residential,1982,3.0,61.8,AE
LOC0177,MS,31.4956,-88.3965,215486.0,Masonry,Commercial,1958,3.24,36.5,X
LOC0178,LA,29.6515,-91.1406,2154941.0,Masonry,Residential,1976,3.37,28.1,A
LOC0179,FL,24.6572,-81.2623,547276.0,Wood Frame,Industrial,1969,4.26,108.9,X
LOC0180,TX,29.7887,-96.7556,118806.0,Steel Frame,Residential,1985,2.59,74.2,A
LOC0181,TX,29.2757,-95.5142,1846878.0,Masonry,Residential,1995,2.49,61.9,X
LOC0182,TX,28.9563,-93.6735,339192.0,Wood Frame,Residential,1970,3.24,49.8,AE
LOC0183,FL,30.3907,-85.6284,1015476.0,Wood Frame,Commercial,1954,4.57,68.1,A
LOC0184,FL,24.9072,-80.7017,257161.0,Wood Frame,Residential,1980,4.04,110.3,X
LOC0185,TX,26.0982,-94.8448,515861.0,Manufactured,Residential,1980,3.29,61.5,X
LOC0186,MS,32.4532,-89.1152,738777.0,Masonry,Residential,1991,2.57,32.0,AH
LOC0187,FL,28.4554,-84.8787,271665.0,Steel Frame,Residential,1988,3.53,57.0,X
LOC0188,LA,30.6684,-93.6617,255710.0,Masonry,Residential,1956,3.78,59.5,AE
LOC0189,LA,28.9973,-89.2715,693321.0,Wood Frame,Residential,1998,3.18,34.6,A
LOC0190,TX,28.3063,-94.2744,1007667.0,Wood Frame,Residential,2008,2.47,52.8,AE
LOC0191,TX,26.7412,-96.1791,539359.0,Wood Frame,Commercial,2015,2.33,105.3,AE
LOC0192,FL,27.4331,-80.1126,1793613.0,Masonry,Residential,1954,4.32,122.1,AH
LOC0193,FL,28.0016,-83.7664,620948.0,Steel Frame,Residential,2007,3.14,110.6,AE
LOC0194,MS,31.3083,-89.0693,267953.0,Masonry,Residential,1996,2.47,49.2,AE
LOC0195,TX,30.1179,-95.3679,720562.0,Masonry,Residential,2013,2.12,99.0,AE
LOC0196,TX,30.4258,-96.9372,248430.0,Wood Frame,Residential,2016,2.31,102.1,A
LOC0197,AL,31.1008,-86.6541,498508.0,Manufactured,Residential,2022,2.44,66.9,X
LOC0198,FL,25.5787,-80.8855,1513259.0,Wood Frame,Residential,1950,4.65,119.1,X
LOC0199,FL,29.1758,-80.8231,571207.0,Wood Frame,Commercial,2010,3.43,118.8,X
LOC0200,AL,30.7859,-87.0865,368600.0,Steel Frame,Residential,1976,2.77,53.8,X
LOC0201,MS,30.838,-89.2394,957897.0,Wood Frame,Residential,1960,3.45,25.0,AE
LOC0202,TX,29.3697,-94.8954,757203.0,Masonry,Residential,2012,2.14,72.5,AH
LOC0203,TX,28.8536,-96.9949,190378.0,Masonry,Residential,1962,3.16,112.7,AE
LOC0204,FL,29.9408,-85.4054,1264445.0,Masonry,Residential,1987,3.65,61.2,AE
LOC0205,MS,30.083,-89.0441,737577.0,Steel Frame,Commercial,2008,2.12,42.8,AE
LOC0206,TX,30.0824,-94.8171,564483.0,Masonry,Residential,1983,2.73,71.2,X
LOC0207,TX,28.4599,-95.9784,318615.0,Masonry,Industrial,1970,2.99,102.7,AE
LOC0208,MS,32.2769,-88.3691,454782.0,Steel Frame,Residential,2021,1.86,52.6,AE
LOC0209,TX,29.7323,-96.3739,655943.0,Wood Frame,Residential,1950,3.65,87.2,AE
LOC0210,TX,28.6926,-96.311,2127689.0,Wood Frame,Commercial,1953,3.59,108.3,X
LOC0211,LA,30.5034,-91.0339,449747.0,Masonry,Residential,1993,3.03,60.1,X
LOC0212,MS,31.3036,-89.4045,427172.0,Steel Frame,Residential,1958,3.14,10.6,AH
LOC0213,MS,31.673,-88.2561,569017.0,Wood Frame,Residential,1973,3.18,39.2,X
LOC0214,TX,28.7087,-93.9299,1089072.0,Wood Frame,Residential,1996,2.72,68.9,X
LOC0215,AL,30.5936,-86.9629,401575.0,Wood Frame,Residential,2020,2.23,60.4,X
LOC0216,TX,28.2782,-94.9636,249048.0,Wood Frame,Residential,1976,3.12,73.3,A
LOC0217,TX,26.6301,-96.3927,158728.0,Masonry,Residential,1965,3.1,89.8,A
LOC0218,AL,30.0192,-87.8428,457492.0,Wood Frame,Residential,1975,3.14,61.7,X
LOC0219,MS,31.2817,-89.0598,430152.0,Wood Frame,Residential,1958,3.49,26.7,X
LOC0220,FL,30.1824,-83.7984,836576.0,Masonry,Mixed Use,1959,4.22,75.8,AE
LOC0221,MS,31.0546,-88.8835,605434.0,Masonry,Residential,2010,2.18,58.9,X
LOC0222,LA,28.5047,-90.818,734526.0,Wood Frame,Residential,1954,4.07,38.4,X
LOC0223,TX,26.5152,-95.9646,100000.0,Wood Frame,Residential,2005,2.54,63.2,A
LOC0224,LA,29.5643,-89.2914,275042.0,Masonry,Residential,1976,3.37,36.8,A
LOC0225,TX,28.8624,-93.8469,1048121.0,Masonry,Residential,2016,2.06,41.8,X
LOC0226,TX,26.6396,-97.4532,615198.0,Wood Frame,Residential,1985,2.94,103.4,A
LOC0227,FL,25.2995,-83.3102,1345890.0,Masonry,Commercial,2001,3.37,88.4,X
LOC0228,LA,29.3261,-92.4684,244522.0,Masonry,Residential,2009,2.7,65.8,X
LOC0229,FL,30.4581,-84.2676,922452.0,Wood Frame,Residential,2002,3.6,91.7,AE
LOC0230,MS,30.4172,-88.8542,120713.0,Wood Frame,Commercial,1975,3.14,19.2,A
LOC0231,AL,31.6146,-86.5893,311846.0,Wood Frame,Residential,2000,2.64,64.4,AE
LOC0232,LA,29.1537,-89.0598,413587.0,Wood Frame,Residential,1960,3.95,33.7,A
LOC0233,LA,30.0164,-89.1799,344859.0,Wood Frame,Residential,1961,3.93,9.4,X
LOC0234,LA,29.8756,-92.5538,447894.0,Manufactured,Residential,2020,2.98,41.2,X
LOC0235,TX,28.7132,-94.1932,448722.0,Wood Frame,Residential,1990,2.84,49.6,X
LOC0236,AL,31.3543,-86.2143,699537.0,Steel Frame,Residential,1972,2.85,50.8,A
LOC0237,TX,26.2594,-96.1302,100364.0,Masonry,Residential,1982,2.75,92.6,AE
LOC0238,TX,27.808,-93.5246,889423.0,Steel Frame,Residential,1992,2.45,66.3,AE
LOC0239,MS,30.9878,-89.4408,4055054.0,Wood Frame,Mixed Use,2017,2.29,41.7,X
LOC0240,TX,29.9149,-96.9774,146917.0,Masonry,Residential,2008,2.22,83.6,X
LOC0241,FL,30.6363,-86.384,661113.0,Wood Frame,Commercial,1993,3.78,54.9,AE
LOC0242,FL,25.821,-81.7865,477629.0,Wood Frame,Residential,1986,3.92,111.0,X
LOC0243,FL,30.8748,-84.4431,741847.0,Masonry,Mixed Use,1964,4.12,61.0,X
LOC0244,LA,29.8174,-89.7652,819273.0,Steel Frame,Residential,2015,2.48,24.8,X
LOC0245,TX,28.8197,-93.7945,481679.0,Masonry,Commercial,2001,2.37,44.7,AE
LOC0246,FL,26.8317,-81.4667,358321.0,Wood Frame,Residential,2020,3.23,85.8,AH
LOC0247,LA,30.5305,-89.8577,873337.0,Masonry,Residential,2005,2.79,39.9,X
LOC0248,FL,29.4798,-81.1556,738918.0,Masonry,Residential,1986,3.67,92.3,AE
LOC0249,FL,27.1462,-87.0049,259384.0,Steel Frame,Industrial,1955,4.2,77.7,X
LOC0250,FL,26.4472,-86.9235,382174.0,Wood Frame,Commercial,2002,3.6,33.3,A
LOC0251,TX,27.8129,-96.3188,264259.0,Steel Frame,Industrial,1979,2.71,108.5,AE
LOC0252,LA,29.9293,-92.8699,230516.0,Masonry,Mixed Use,1994,3.01,46.6,X
LOC0253,FL,25.299,-80.8351,100000.0,Masonry,Residential,1955,4.3,125.8,AE
LOC0254,TX,29.2128,-94.2099,566413.0,Steel Frame,Residential,1988,2.53,49.2,X
LOC0255,TX,27.2213,-95.5132,280472.0,Masonry,Residential,2005,2.29,71.0,A
LOC0256,LA,30.0334,-93.7657,352418.0,Wood Frame,Commercial,1954,4.07,79.6,A
LOC0257,FL,26.1044,-81.9432,288805.0,Wood Frame,Residential,2012,3.39,96.2,X
LOC0258,MS,32.2297,-88.8493,383471.0,Manufactured,Residential,2021,2.46,16.0,X
LOC0259,LA,29.9814,-92.0618,1526058.0,Wood Frame,Residential,2002,3.1,53.9,AH
LOC0260,TX,29.4247,-93.6969,1025789.0,Masonry,Residential,1957,3.26,76.1,X
LOC0261,MS,30.1205,-88.9599,489149.0,Wood Frame,Residential,1965,3.35,28.8,AE
LOC0262,FL,24.8403,-81.7432,790931.0,Wood Frame,Commercial,2012,3.39,93.2,X
LOC0263,TX,28.1253,-93.9794,836001.0,Masonry,Residential,1960,3.2,72.4,X
LOC0264,LA,29.4469,-90.7758,207423.0,Wood Frame,Commercial,1964,3.87,52.3,AE
LOC0265,FL,26.8906,-87.0643,505213.0,Wood Frame,Commercial,1951,4.63,48.3,AE
LOC0266,AL,30.0483,-88.1269,219312.0,Wood Frame,Residential,1979,3.06,45.3,X
LOC0267,MS,30.0248,-88.8039,497809.0,Masonry,Residential,2007,2.24,50.6,X
LOC0268,AL,32.44,-88.1233,757437.0,Wood Frame,Commercial,2009,2.45,24.8,AE
LOC0269,LA,28.5527,-92.5335,530452.0,Wood Frame,Residential,1950,4.15,40.3,X
LOC0270,TX,30.3839,-94.1118,1688272.0,Wood Frame,Commercial,2007,2.49,80.1,AE
LOC0271,FL,27.087,-85.2281,450177.0,Masonry,Residential,1954,4.32,95.6,AH
LOC0272,FL,29.6037,-80.065,131327.0,Wood Frame,Mixed Use,1955,4.55,117.6,AE
LOC0273,FL,25.7729,-86.444,1363159.0,Masonry,Residential,2010,3.18,67.4,AE
LOC0274,FL,28.8818,-85.5507,763870.0,Wood Frame,Industrial,1971,4.22,68.0,X
LOC0275,LA,30.6232,-93.689,250668.0,Wood Frame,Mixed Use,1989,3.36,49.0,X
LOC0276,LA,30.5389,-93.6188,2601584.0,Wood Frame,Commercial,1984,3.46,63.5,AE
LOC0277,AL,30.1097,-88.0028,156504.0,Wood Frame,Commercial,2022,2.19,59.6,X
LOC0278,MS,30.6049,-88.0591,395015.0,Wood Frame,Mixed Use,2023,2.17,55.0,AH
LOC0279,AL,31.4238,-87.7214,2469306.0,Wood Frame,Residential,2022,2.19,32.3,X
LOC0280,AL,32.2697,-85.6689,164302.0,Manufactured,Residential,2022,2.44,81.2,A
LOC0281,FL,27.5999,-82.1125,869615.0,Masonry,Residential,1991,3.57,117.5,AE
LOC0282,TX,26.0545,-97.4638,173752.0,Wood Frame,Industrial,1966,3.33,106.4,AE
LOC0283,LA,29.465,-89.7598,335698.0,Wood Frame,Residential,1985,3.44,35.5,A
LOC0284,TX,27.3,-95.9087,604830.0,Manufactured,Mixed Use,1953,3.84,97.1,AE
LOC0285,LA,29.6774,-90.2287,109839.0,Masonry,Residential,1991,3.07,20.2,X
LOC0286,TX,27.0818,-96.7336,1094722.0,Manufactured,Residential,1987,3.15,78.4,A
LOC0287,LA,28.6081,-93.1239,353052.0,Manufactured,Residential,1982,3.75,60.2,X
LOC0288,LA,30.7763,-92.5875,846660.0,Wood Frame,Commercial,2020,2.73,70.5,AE
LOC0289,TX,29.5116,-95.5947,153133.0,Masonry,Residential,1974,2.91,98.7,AE
LOC0290,LA,28.7135,-93.655,484237.0,Manufactured,Residential,1980,3.79,77.1,X
LOC0291,TX,27.4949,-94.7255,842537.0,Wood Frame,Commercial,1989,2.86,61.4,AE
LOC0292,TX,26.1691,-96.9885,1269338.0,Masonry,Residential,1980,2.79,96.0,A
LOC0293,FL,30.825,-85.8041,204885.0,Wood Frame,Residential,2003,3.58,90.3,AE
LOC0294,LA,30.4891,-90.2905,205118.0,Steel Frame,Residential,1972,3.35,19.2,X
LOC0295,TX,29.6755,-96.7735,915030.0,Steel Frame,Mixed Use,2005,2.19,87.4,X
LOC0296,LA,30.483,-93.6077,399820.0,Wood Frame,Commercial,1962,3.91,75.1,X
LOC0297,AL,32.3806,-88.3727,822711.0,Wood Frame,Commercial,2006,2.51,21.4,X
LOC0298,TX,28.29,-96.0229,146904.0,Manufactured,Commercial,2001,2.87,95.9,AE
LOC0299,MS,32.3025,-88.4581,832959.0,Wood Frame,Commercial,1964,3.37,32.7,AE
LOC0300,TX,30.4034,-94.0739,685065.0,Masonry,Commercial,1991,2.57,88.1,AE
LOC0301,TX,27.7123,-96.8479,852928.0,Wood Frame,Residential,2012,2.39,69.0,X
LOC0302,LA,31.4108,-91.8117,964420.0,Wood Frame,Commercial,2010,2.93,45.4,AH
LOC0303,LA,28.655,-91.476,855176.0,Wood Frame,Commercial,1990,3.34,34.6,A
LOC0304,MS,32.1632,-89.2641,684729.0,Wood Frame,Residential,2014,2.35,41.0,X
LOC0305,AL,30.6262,-86.6254,1289229.0,Manufactured,Residential,1999,2.91,36.3,X
LOC0306,FL,26.3696,-85.1992,602595.0,Wood Frame,Residential,1974,4.16,84.6,AE
LOC0307,LA,28.7051,-90.0812,318494.0,Masonry,Residential,1954,3.82,19.5,AH
LOC0308,TX,28.8878,-94.8141,124756.0,Masonry,Residential,1980,2.79,85.7,A
LOC0309,AL,30.6946,-87.671,643727.0,Wood Frame,Residential,1963,3.39,71.8,A
LOC0310,TX,27.8162,-94.5485,470277.0,Masonry,Residential,1975,2.89,65.4,AE
LOC0311,LA,29.116,-91.5848,233868.0,Masonry,Mixed Use,1994,3.01,19.7,A
LOC0312,TX,30.2814,-96.3108,219002.0,Wood Frame,Residential,1996,2.72,95.5,AE
LOC0313,TX,26.068,-93.6399,935763.0,Masonry,Residential,1973,2.93,50.0,X
LOC0314,FL,30.1296,-80.3995,195124.0,Wood Frame,Residential,2019,3.25,132.8,X
LOC0315,FL,25.8171,-83.0931,1130142.0,Wood Frame,Residential,1993,3.78,81.7,AE
LOC0316,MS,32.394,-88.9014,1246278.0,Steel Frame,Residential,1999,2.31,59.8,A
LOC0317,LA,28.525,-91.8321,585515.0,Manufactured,Residential,1969,4.01,40.0,X
LOC0318,TX,26.0407,-95.1422,363807.0,Masonry,Residential,1967,3.06,87.1,A
LOC0319,TX,26.8967,-93.9901,261186.0,Wood Frame,Residential,1954,3.57,62.8,X
LOC0320,TX,28.7303,-94.8085,281410.0,Wood Frame,Mixed Use,2012,2.39,88.3,X
LOC0321,LA,31.2981,-91.2787,719131.0,Masonry,Commercial,1988,3.13,16.2,AE
LOC0322,AL,32.3019,-86.7467,181656.0,Wood Frame,Residential,1977,3.1,77.3,X
LOC0323,MS,31.9685,-88.8185,167563.0,Masonry,Residential,1982,2.75,44.3,AH
LOC0324,TX,26.288,-94.201,851143.0,Wood Frame,Residential,1951,3.63,57.1,X
LOC0325,FL,24.8651,-83.8168,329556.0,Masonry,Residential,1961,4.18,69.9,A
LOC0326,AL,30.4641,-86.5073,1551768.0,Steel Frame,Commercial,2000,2.29,40.4,AE
LOC0327,LA,29.4294,-92.7502,5000000.0,Wood Frame,Residential,2011,2.91,67.0,AE
LOC0328,MS,32.2845,-88.0708,1323438.0,Wood Frame,Residential,1987,2.9,66.3,X
LOC0329,LA,28.8077,-92.0363,562513.0,Wood Frame,Commercial,2000,3.14,62.3,X
LOC0330,TX,29.3676,-95.7432,5000000.0,Masonry,Residential,1999,2.41,66.4,X
LOC0331,LA,29.1888,-93.4122,1067311.0,Wood Frame,Residential,1956,4.03,35.1,A
LOC0332,AL,32.2271,-87.7754,1019440.0,Wood Frame,Residential,1966,3.33,48.2,X
LOC0333,TX,27.1041,-97.2691,162414.0,Wood Frame,Mixed Use,1995,2.74,100.5,AE
LOC0334,TX,27.9302,-95.3364,311197.0,Masonry,Commercial,1962,3.16,78.4,AE
LOC0335,TX,29.9174,-94.9743,217267.0,Masonry,Residential,1974,2.91,56.9,X
LOC0336,TX,26.9281,-95.9326,523635.0,Steel Frame,Residential,1987,2.55,80.3,A
LOC0337,FL,29.6529,-86.9822,3979372.0,Masonry,Residential,1968,4.04,30.7,X
LOC0338,AL,31.3391,-85.9916,200873.0,Steel Frame,Commercial,1985,2.59,56.8,X
LOC0339,LA,29.8539,-93.0828,257808.0,Wood Frame,Commercial,2016,2.81,41.0,A
LOC0340,TX,29.9481,-95.9424,464715.0,Wood Frame,Mixed Use,1954,3.57,91.8,A
LOC0341,LA,29.6264,-89.9809,108962.0,Wood Frame,Residential,1977,3.6,3.6,AE
LOC0342,LA,29.8927,-90.3863,802726.0,Masonry,Commercial,1950,3.9,14.7,X
LOC0343,TX,28.178,-97.4787,789406.0,Wood Frame,Residential,2006,2.51,104.0,X
LOC0344,LA,30.7552,-89.985,834570.0,Wood Frame,Residential,1999,3.16,31.2,X
LOC0345,LA,29.0096,-93.0251,619867.0,Manufactured,Commercial,1994,3.51,63.0,X
LOC0346,MS,31.447,-88.5514,708247.0,Wood Frame,Residential,2003,2.58,28.0,AE
LOC0347,MS,30.7846,-89.1377,363521.0,Manufactured,Residential,1963,3.64,12.5,X
LOC0348,TX,27.7226,-94.2127,158823.0,Masonry,Commercial,1970,2.99,76.7,AE
LOC0349,LA,31.3172,-90.8181,190904.0,Wood Frame,Residential,1966,3.83,37.9,AE
LOC0350,MS,31.6549,-88.2776,238934.0,Masonry,Commercial,1963,3.14,21.6,X
LOC0351,LA,29.605,-91.8383,646753.0,Wood Frame,Residential,1973,3.68,63.3,X
LOC0352,FL,26.6144,-80.7428,139827.0,Manufactured,Commercial,2012,3.64,105.0,X
LOC0353,MS,30.1681,-89.3576,895763.0,Steel Frame,Mixed Use,1967,2.96,8.4,AE
LOC0354,TX,26.5854,-97.4103,798089.0,Wood Frame,Commercial,1991,2.82,89.7,X
LOC0355,TX,27.0441,-97.4425,804242.0,Masonry,Residential,2011,2.16,105.4,X
LOC0356,MS,31.5615,-88.2034,1415717.0,Masonry,Residential,2023,1.92,55.8,AE
LOC0357,TX,29.1833,-95.9431,729337.0,Manufactured,Industrial,1975,3.39,85.8,AE
LOC0358,LA,31.4869,-89.0944,159621.0,Masonry,Commercial,2002,2.85,38.7,A
LOC0359,FL,27.456,-82.4391,209583.0,Manufactured,Residential,1987,4.15,110.2,X
LOC0360,LA,30.4459,-92.6236,1599706.0,Wood Frame,Residential,1994,3.26,35.2,X
LOC0361,LA,29.8655,-90.6612,373955.0,Wood Frame,Commercial,1995,3.24,41.6,X
LOC0362,MS,32.007,-88.0586,642981.0,Wood Frame,Residential,1979,3.06,27.1,X
LOC0363,LA,29.331,-89.3935,1991464.0,Wood Frame,Residential,1952,4.11,27.2,A
LOC0364,LA,30.3205,-89.5951,1720999.0,Steel Frame,Residential,1965,3.5,47.2,X
LOC0365,FL,25.7782,-81.9693,1000774.0,Manufactured,Residential,2016,3.56,111.4,AH
LOC0366,LA,29.895,-89.7631,295002.0,Wood Frame,Residential,1954,4.07,51.1,X
LOC0367,FL,30.0416,-80.4653,414701.0,Wood Frame,Residential,1966,4.33,118.8,AE
LOC0368,FL,25.1564,-86.2438,269073.0,Wood Frame,Mixed Use,2006,3.51,85.9,AE
LOC0369,TX,27.2527,-94.3068,186734.0,Wood Frame,Residential,1968,3.29,60.8,X
LOC0370,TX,26.2815,-96.658,212429.0,Steel Frame,Residential,1975,2.79,109.8,A
LOC0371,TX,26.3723,-95.5618,773362.0,Steel Frame,Residential,1992,2.45,80.9,A
LOC0372,TX,28.808,-96.4054,117161.0,Wood Frame,Residential,1984,2.96,79.4,X
LOC0373,TX,26.2564,-95.8256,1965154.0,Masonry,Residential,2007,2.24,101.4,AE
LOC0374,MS,31.3451,-88.2398,378135.0,Manufactured,Commercial,1977,3.35,27.4,AE
LOC0375,TX,29.3374,-95.5297,1325782.0,Wood Frame,Commercial,1980,3.04,71.7,AE
LOC0376,TX,29.431,-96.996,465281.0,Wood Frame,Mixed Use,1962,3.41,98.3,X
LOC0377,FL,27.6826,-82.6644,619396.0,Wood Frame,Residential,1960,4.45,101.9,A
LOC0378,TX,27.2539,-96.6252,145319.0,Wood Frame,Commercial,1971,3.22,112.6,AH
LOC0379,FL,28.2132,-86.4275,1295448.0,Wood Frame,Residential,1991,3.82,78.0,X
LOC0380,TX,26.7881,-94.8089,324306.0,Wood Frame,Residential,2014,2.35,60.6,AE
LOC0381,TX,26.0029,-94.0173,750019.0,Masonry,Residential,1983,2.73,57.7,A
LOC0382,MS,31.2153,-88.1189,1306921.0,Wood Frame,Residential,1965,3.35,30.7,AH
LOC0383,MS,31.1702,-88.8006,300892.0,Wood Frame,Residential,1994,2.76,62.0,X
LOC0384,FL,27.0861,-81.2934,705138.0,Wood Frame,Residential,1965,4.35,104.1,X
LOC0385,AL,31.5378,-85.7682,734257.0,Wood Frame,Residential,1990,2.84,64.2,X
LOC0386,FL,25.5444,-87.3127,5000000.0,Wood Frame,Residential,1953,4.59,63.1,A
LOC0387,TX,28.7374,-96.3758,350475.0,Steel Frame,Residential,2005,2.19,70.0,X
LOC0388,TX,27.0662,-94.7904,197985.0,Masonry,Industrial,1978,2.83,51.2,A
LOC0389,AL,32.0671,-86.9258,275112.0,Wood Frame,Residential,2021,2.21,64.1,AH
LOC0390,FL,26.2257,-82.914,887358.0,Masonry,Residential,2012,3.14,118.2,X
LOC0391,FL,29.3039,-85.419,985434.0,Manufactured,Residential,1975,4.39,49.8,AE
LOC0392,LA,29.2831,-92.2831,1588239.0,Steel Frame,Industrial,1963,3.54,41.5,AH
LOC0393,LA,28.6854,-93.5382,633646.0,Wood Frame,Mixed Use,1983,3.48,60.5,AE
LOC0394,AL,31.1774,-86.5143,195213.0,Masonry,Commercial,1992,2.55,80.1,X
LOC0395,TX,29.4067,-97.2776,228860.0,Wood Frame,Commercial,2016,2.31,118.2,AE
LOC0396,FL,28.9919,-85.4628,1978581.0,Wood Frame,Residential,1975,4.14,66.9,X
LOC0397,FL,25.2793,-81.9881,113950.0,Wood Frame,Residential,1994,3.76,101.8,A
LOC0398,LA,28.8497,-91.2665,606855.0,Manufactured,Residential,2004,3.31,45.6,AH
LOC0399,AL,32.0525,-86.8002,878520.0,Wood Frame,Residential,1950,3.65,73.3,X
LOC0400,AL,30.2611,-86.7694,615986.0,Wood Frame,Residential,2022,2.19,43.0,A
LOC0401,TX,28.6768,-94.5445,517948.0,Wood Frame,Residential,1962,3.41,73.8,AE
LOC0402,FL,30.5991,-81.3594,412600.0,Manufactured,Residential,2021,3.46,108.0,AE
LOC0403,LA,28.651,-93.7362,351202.0,Wood Frame,Residential,1968,3.79,66.2,AE
LOC0404,FL,29.8531,-81.3448,2213643.0,Wood Frame,Residential,1976,4.12,126.8,AE
LOC0405,TX,26.9408,-97.1612,145005.0,Steel Frame,Residential,1978,2.73,112.0,X
LOC0406,FL,27.0,-84.0566,100000.0,Wood Frame,Industrial,1958,4.49,106.1,X
LOC0407,LA,30.0947,-93.8367,100000.0,Wood Frame,Residential,2021,2.71,66.5,X
LOC0408,TX,26.308,-95.8293,288774.0,Wood Frame,Residential,2019,2.25,91.4,A
LOC0409,FL,26.8053,-83.37,1235837.0,Steel Frame,Residential,1977,3.75,79.1,A
LOC0410,TX,27.597,-95.8473,373621.0,Masonry,Residential,1955,3.3,78.2,A
LOC0411,TX,26.7057,-94.1908,453745.0,Wood Frame,Commercial,1991,2.82,53.5,X
LOC0412,FL,29.2547,-80.3141,320147.0,Wood Frame,Commercial,2019,3.25,142.7,X
LOC0413,FL,28.5938,-84.4759,574849.0,Masonry,Residential,2004,3.31,96.5,A
LOC0414,LA,30.9988,-91.2985,1803943.0,Steel Frame,Residential,1978,3.23,58.7,AE
LOC0415,MS,32.1105,-88.774,102654.0,Masonry,Residential,1952,3.36,25.9,A
LOC0416,LA,31.4351,-89.1713,548460.0,Wood Frame,Commercial,1975,3.64,41.8,X
LOC0417,TX,30.2604,-95.8992,277753.0,Manufactured,Residential,1994,3.01,92.0,X
LOC0418,TX,26.5417,-93.7459,969412.0,Wood Frame,Residential,1966,3.33,52.8,X
LOC0419,MS,31.043,-89.2597,384351.0,Masonry,Commercial,1956,3.28,27.1,A
LOC0420,AL,30.0415,-86.5148,185799.0,Masonry,Residential,1967,3.06,36.0,X
LOC0421,AL,32.4367,-88.0936,724304.0,Manufactured,Residential,1953,3.84,21.0,X
LOC0422,AL,30.9822,-88.414,367169.0,Masonry,Residential,2008,2.22,31.2,A
LOC0423,TX,28.6476,-95.9093,505377.0,Wood Frame,Commercial,1970,3.24,104.3,AE
LOC0424,LA,30.1496,-93.7471,696903.0,Wood Frame,Commercial,2009,2.95,48.7,AE
LOC0425,TX,29.6779,-93.7784,447516.0,Wood Frame,Commercial,1956,3.53,48.3,X
LOC0426,LA,28.6539,-91.5373,238634.0,Wood Frame,Residential,1979,3.56,41.9,A
LOC0427,LA,30.216,-89.9728,300979.0,Wood Frame,Residential,1976,3.62,20.7,X
LOC0428,FL,24.8684,-87.24,704134.0,Wood Frame,Residential,1964,4.37,59.7,AE
LOC0429,LA,31.1583,-89.5216,219307.0,Wood Frame,Residential,1999,3.16,46.1,X
LOC0430,TX,29.7096,-95.912,267815.0,Wood Frame,Commercial,1976,3.12,92.7,AE
LOC0431,TX,26.3655,-93.5297,998853.0,Steel Frame,Residential,1984,2.61,66.3,AE
LOC0432,AL,31.0687,-87.5091,2113162.0,Masonry,Commercial,1964,3.12,71.6,X
LOC0433,MS,32.0582,-88.6657,228239.0,Masonry,Residential,2014,2.1,18.5,A
LOC0434,TX,30.4062,-94.8046,284476.0,Steel Frame,Residential,2000,2.29,77.8,X
LOC0435,TX,29.0714,-95.1986,129924.0,Masonry,Residential,2001,2.37,63.7,X
LOC0436,AL,31.8677,-87.8439,321400.0,Wood Frame,Residential,1994,2.76,64.0,A
LOC0437,TX,29.3037,-96.1347,912077.0,Wood Frame,Residential,1951,3.63,65.4,AE
LOC0438,FL,24.681,-82.7647,473916.0,Wood Frame,Residential,1962,4.41,87.1,X
LOC0439,AL,32.4133,-88.3487,566804.0,Masonry,Residential,1955,3.3,21.0,X
LOC0440,TX,27.5343,-93.8309,1035435.0,Wood Frame,Residential,2002,2.6,53.0,X
LOC0441,TX,29.1402,-93.8989,814988.0,Masonry,Industrial,1971,2.97,39.0,AE
LOC0442,FL,25.9163,-82.5362,1139950.0,Masonry,Residential,1951,4.38,111.1,AE
LOC0443,LA,30.4952,-91.2171,242157.0,Wood Frame,Commercial,2017,2.79,44.7,A
LOC0444,LA,29.7061,-90.3553,361347.0,Masonry,Residential,1950,3.9,39.2,AE
LOC0445,FL,26.1541,-87.4033,1246885.0,Manufactured,Residential,1988,4.13,30.2,X
LOC0446,FL,26.9699,-82.9465,544399.0,Wood Frame,Residential,1957,4.51,86.3,A
LOC0447,FL,25.6498,-80.095,1520919.0,Steel Frame,Mixed Use,1993,3.43,139.7,AE
LOC0448,AL,30.7644,-87.2919,100000.0,Masonry,Residential,1973,2.93,33.7,X
LOC0449,LA,28.885,-91.1075,1179566.0,Masonry,Commercial,1986,3.17,47.6,X
LOC0450,TX,26.8399,-97.3972,1142920.0,Wood Frame,Residential,1995,2.74,116.5,A
LOC0451,AL,30.3139,-85.6096,468305.0,Masonry,Residential,1956,3.28,46.8,A
LOC0452,LA,30.2568,-91.2783,222828.0,Wood Frame,Residential,2010,2.93,14.9,AE
LOC0453,LA,30.5679,-92.7384,1015628.0,Steel Frame,Commercial,1993,2.93,63.9,AE
LOC0454,FL,28.6663,-84.0036,141976.0,Wood Frame,Commercial,1991,3.82,77.9,AH
LOC0455,TX,26.0942,-96.2369,215110.0,Masonry,Residential,2005,2.29,85.1,AE
LOC0456,LA,31.3042,-92.7456,1307988.0,Wood Frame,Residential,2021,2.71,46.3,A
LOC0457,TX,27.5269,-95.4763,705410.0,Manufactured,Residential,1976,3.37,74.8,A
LOC0458,LA,31.1498,-91.9259,223289.0,Wood Frame,Residential,1982,3.5,51.7,A
LOC0459,TX,29.6618,-93.738,673596.0,Wood Frame,Residential,1994,2.76,66.5,AE
LOC0460,TX,27.5214,-96.9927,542993.0,Wood Frame,Residential,2004,2.56,80.4,A
LOC0461,TX,28.4856,-95.1191,579580.0,Wood Frame,Commercial,1989,2.86,55.2,X
LOC0462,MS,32.27,-88.9055,1111909.0,Wood Frame,Residential,1961,3.43,32.6,X
LOC0463,AL,30.2015,-85.6813,732685.0,Steel Frame,Residential,1985,2.59,74.7,X
LOC0464,LA,30.8504,-92.6147,1609269.0,Manufactured,Residential,2014,3.1,74.7,A
LOC0465,FL,29.1934,-87.1979,692997.0,Masonry,Industrial,1999,3.41,52.1,X
LOC0466,LA,31.3516,-93.8897,100000.0,Manufactured,Residential,2010,3.18,52.9,A
LOC0467,TX,27.9794,-94.9242,314868.0,Masonry,Industrial,1978,2.83,60.1,AE
LOC0468,FL,24.8144,-81.3463,434686.0,Steel Frame,Residential,1976,3.77,126.5,X
LOC0469,TX,29.7167,-94.9742,710153.0,Wood Frame,Mixed Use,1990,2.84,80.0,AE
LOC0470,FL,28.5667,-83.2129,1435438.0,Wood Frame,Residential,1994,3.76,106.1,X
LOC0471,TX,27.0205,-94.8339,447214.0,Wood Frame,Residential,1964,3.37,67.7,A
LOC0472,FL,27.0857,-83.6622,256793.0,Wood Frame,Residential,2012,3.39,70.6,X
LOC0473,TX,26.2792,-97.2154,1898507.0,Steel Frame,Residential,2021,1.86,74.6,A
LOC0474,FL,24.7864,-86.1104,2230711.0,Wood Frame,Residential,1953,4.59,86.2,X
LOC0475,LA,29.3898,-93.6141,454467.0,Wood Frame,Residential,1968,3.79,54.0,AH
LOC0476,FL,28.948,-80.3826,458308.0,Wood Frame,Residential,1991,3.82,100.0,A
LOC0477,TX,29.017,-94.9327,383945.0,Wood Frame,Residential,1974,3.16,58.2,A
LOC0478,LA,31.3702,-91.0032,100000.0,Masonry,Residential,1979,3.31,21.9,A
LOC0479,FL,25.6637,-81.5186,736158.0,Wood Frame,Industrial,1955,4.55,98.8,AE
LOC0480,LA,30.8473,-89.0374,2299318.0,Wood Frame,Commercial,2011,2.91,20.9,AE
LOC0481,MS,31.0242,-88.0327,729557.0,Wood Frame,Commercial,1981,3.02,48.6,X
LOC0482,MS,32.0104,-88.2004,319055.0,Wood Frame,Residential,1960,3.45,38.8,X
LOC0483,LA,29.7082,-91.4019,225814.0,Wood Frame,Residential,2020,2.73,58.0,AH
LOC0484,MS,32.4788,-89.1875,1800065.0,Wood Frame,Residential,1985,2.94,29.0,AE
LOC0485,LA,30.2813,-91.122,450113.0,Masonry,Residential,1965,3.6,48.3,A
LOC0486,FL,26.8064,-81.6484,181454.0,Masonry,Residential,2001,3.37,111.9,X
LOC0487,TX,29.3076,-95.0596,200935.0,Wood Frame,Residential,1994,2.76,76.3,AE
LOC0488,TX,26.0291,-95.515,475128.0,Wood Frame,Commercial,1951,3.63,84.4,AH
LOC0489,FL,25.6337,-83.9626,589028.0,Masonry,Residential,1988,3.63,105.2,A
LOC0490,FL,24.6467,-81.0375,266889.0,Masonry,Commercial,1994,3.51,130.1,AE
LOC0491,LA,30.7496,-89.4348,177008.0,Wood Frame,Residential,1968,3.79,21.0,X
LOC0492,MS,31.47,-88.8603,615115.0,Masonry,Residential,1956,3.28,20.0,X
LOC0493,TX,26.963,-96.3669,1318054.0,Wood Frame,Residential,1999,2.66,103.6,AH
LOC0494,TX,26.0906,-96.8849,356118.0,Steel Frame,Residential,1991,2.47,102.0,X
LOC0495,LA,31.2952,-89.0153,224425.0,Steel Frame,Residential,1967,3.46,54.7,AE
LOC0496,LA,29.162,-93.3094,1094389.0,Steel Frame,Residential,1999,2.81,45.0,X
LOC0497,LA,30.78,-92.437,166099.0,Manufactured,Residential,2019,3.0,39.5,X
LOC0498,TX,29.4464,-94.7334,350750.0,Manufactured,Residential,1959,3.72,80.9,X
LOC0499,FL,28.2379,-85.9489,100450.0,Wood Frame,Residential,2005,3.54,52.1,AE
LOC0500,FL,26.2496,-86.0103,507650.0,Masonry,Industrial,1977,3.85,77.5,X
